Company Name,Location
rxoinc,"Portland, CT"
centimark,"Portland, CT"
zero-gravity-marketing-llc,"Portland, CT"
united-steel-inc,"Portland, CT"
cushman-&-wakefield,"Portland, CT"
freshpointinc,"Portland, CT"
hanwha-aerospace-usa,"Portland, CT"
travelers,"Portland, CT"
first-student,"Portland, CT"
veomobility,"Portland, CT"
thimbleisland-private-wealth,"Portland, CT"
dana-kepner-company-llc,"Portland, CT"
army-national-guard,"Portland, CT"
get-it-recruit-transportation,"Portland, CT"
combined-metals-chicago-llc,"Portland, CT"
pinto-employment-search-llc,"Portland, CT"
amazon,"Portland, CT"
hewlett-packard-enterprise,"Portland, CT"
alchemy-global-talent-solutions,"Portland, CT"
thofnewengland,"Portland, CT"
cybercoders,"Portland, CT"
slice,"Portland, CT"
mygwork,"Portland, CT"
cocc,"Portland, CT"
stanley-black-decker-inc,"Portland, CT"
microsoft,"Portland, CT"
atlantismanagementgroup,"Portland, CT"
ensign-bickford-aerospace-&-defense-company,"Portland, CT"
kellermeyer-bergensons-services-llc,"Portland, CT"
eastcoastfacilities,"Portland, CT"
c&s-wholesale-grocers,"Portland, CT"
cks-packaging-inc,"Portland, CT"
henkel,"Portland, CT"
cvshealth,"Portland, CT"
shipveho,"Portland, CT"
proparkmobility,"Portland, CT"
w3global,"Portland, CT"
cm-medical-recruitment,"Portland, CT"
michaels-stores-inc-,"Portland, CT"
aecom,"Portland, CT"
brightpathassociates,"Portland, CT"
cost-plus-world-market,"Portland, CT"
trinityhealth,"Portland, CT"
the-everest-group,"Portland, CT"
cs-recruiting-llc,"Portland, CT"
jobsinlogistics-com,"Portland, CT"
cornell-scott---hill-health-corporation,"Portland, CT"
brightpath-early-learning-inc,"Portland, CT"
heartlanddental,"Portland, CT"
